Title,Generated Output
Dachzeilen,"Dachzeilen:

1.Dachzeile: Sturmböen über Schleswig-Holstein und Hamburg lassen nach
2.Dachzeile: Windiges Wetter heute, Beruhigung am Samstag erwartet
3.Dachzeile: Temperaturrückgang in der Nacht bei aufklarendem Himmel
4.Dachzeile: Samstag bringt mildere Temperaturen und teilweise Sonnenschein
5.Dachzeile: Südwestwind nimmt am Wochenende wieder zu, vereinzelt stürmische Böen"
SEOTitel,"SEO-Titel: 
1. SEO-Titel: Aktuelle Sturmwarnung in Schleswig-Holstein und Hamburg - Wetterupdate Januar 2024
2. SEO-Titel: Wetteraussichten für heute: Starker Wind und Schauer in Norddeutschland
3. SEO-Titel: Wochenendwetter in Schleswig-Holstein und Hamburg: Mild und wechselhaft mit Aussicht auf Besserung
4. SEO-Titel: Detaillierte Wettervorhersage für Schleswig-Holstein und Hamburg - Samstag ruhiger und trocken
5. SEO-Titel: Wettertrend für Schleswig-Holstein und Hamburg: Von Sturmböen zu milden Temperaturen"
Titel,"Titel: 
1. Titel: Sturmwarnung für Schleswig-Holstein und Hamburg: Heute bis zu 80 km/h
2. Titel: Wechselhaft und windig: Wetterbericht für den Norden Deutschlands
3. Titel: Samstag bringt Beruhigung: Nach Sturmböen kommt die Ruhe
4. Titel: Sonnige Aussichten an der Nordsee, während Wind nachlässt
5. Titel: Nacht bringt kältere Temperaturen und erste Regentropfen"
Teaser,"Teaser: 
1. Wind warnt voraus! Schleswig-Holstein und Hamburg stehen unter dem Einfluss starker Böen. Erfahre, wie sich das Wetter entwickelt und wann der Wind nachlässt.
2. Wechselhafte Aussichten: Vom Sturm heute zum ruhigeren Samstag. Bleibe dran für die neuesten Wetter-Updates und Tipps zur Planung deines Wochenendes.
3. Wetterumschwung im Anmarsch: Nach einem windigen Tag erwartet uns ein milder Samstag – doch bleibt es trocken? Hol dir jetzt die Prognose für den bevorstehenden Wetterwechsel."
SEOText,"1. SEO-Text: ""Aktuelles Wetter in Schleswig-Holstein und Hamburg - Stürmische Böen erwarten Sie heute mit Windgeschwindigkeiten bis zu 80 km/h. Bereiten Sie sich auf einen windigen Tag vor und bleiben Sie sicher!""

2. SEO-Text: ""Heutige Wettervorhersage für Schleswig-Holstein: Starker bis stürmischer Nordwestwind mit Schauern. Samstag bringt ruhigeres Wetter. Perfekt für Outdoor-Aktivitäten!""

3. SEO-Text: ""Wetter Update Schleswig-Holstein - Samstag wird milder mit Temperaturen bis zu 8 Grad. Südwestwinde an der Nordsee könnten stark ausfallen. Planen Sie Ihren Wochenendausflug entsprechend!"""
Text,"Text: 

Aktueller Wetterbericht für Schleswig-Holstein und Hamburg - Letzte Aktualisierung am 26. Januar 2024, 14:18 Uhr

Die Wetterlage über Schleswig-Holstein und Hamburg wird zunächst noch von einem Tiefdruckgebiet über Skandinavien beeinflusst, bevor sich im Laufe der Zeit das Wetter unter der Einwirkung eines Hochdruckgebiets aus dem Südwesten stabilisiert.

Der heutige Tag gestaltet sich windig bis stürmisch mit wechselhafter Bewölkung und sehr milden Temperaturen. Am Nachmittag können vereinzelte Schauer auftreten bei starkem bis stürmischem West- bis Nordwestwind, vor allem an Küstengebieten auch mit Sturmböen von 65 bis 80 km/h (Bft 8 und 9). Gegen Abend und in der Nacht wird mit einer Abschwächung der Windgeschwindigkeit gerechnet; es bleiben jedoch die Windböen an den Küsten bestehen, bevor sich das Wetter bis Samstagmorgen beruhigt und keine warnrelevanten Ereignisse mehr erwartet werden.

In der Nacht zum Samstag wechseln sich Wolkenfelder und klare Abschnitte ab, es bleibt trocken, und die Temperaturen kühlen auf 2 bis 4 Grad ab. Der Wind weht schwach bis mäßig, an der See anfangs noch frisch bis stark aus westlichen Richtungen.

Für den Samstag ist es meist wolkig mit längeren heiteren Phasen an der Nordsee und es bleibt trocken. Die Temperaturen erreichen am Nachmittag Höchstwerte von 6 bis 8 Grad. Es weht ein Südwestwind, an der Nordsee teils frisch bis stark, sonst mäßig.

In der Nacht zum Sonntag ziehen von Norden her vermehrt Wolken auf, und es kann erste Tropfen geben. Die Temperaturen fallen auf -2 bis 3 Grad. An der Nordsee bleibt der Südwestwind frisch bis stark mit einzelnen stürmischen Böen.

Bitte beachten Sie die Wetterwarnungen und verfolgen Sie die weiteren Wetterentwicklungen aufmerksam."
